1;12/04/2023;17/04/2023;200.56;Paris;Au ski;5;1;https://res.klook.com/image/upload/Mobile/City/swox6wjsl5ndvkv5jvum.jpg
2;13/04/2023;18/04/2023;165.46;Rome;Au bord de mer;2;2;https://romesite.fr/images/chateau-saint-ange-rome.jpg
3;14/04/2023;19/04/2023;646.89;Tokyo;Au centre ville;4;3;https://media.vogue.fr/photos/5e28668feba60700084eac83/master/pass/GettyImages-893365942.jpg
4;15/04/2023;20/04/2023;564.86;Port Louis;Au bord de mer;3;4;https://www.resamaurice.com/800x368/r/image/resaplanet/ile-maurice/regions/page-info-villes-et-villages/sejour-port-louis-ile-maurice.jpg
5;16/04/2023;21/04/2023;654.41;Londres;Proche de lieu touristique;4;5;https://img.ev.mu/images/portfolio/villes/4173/1605x1070/5908.jpg
6;17/04/2023;22/04/2023;231.12;Porto Rico;Au centre ville;2;6;https://www.costacroisieres.fr/content/dam/costa/costa-magazine/articles-magazine/islands/porto-rico/10-san-juan.jpg.image.694.390.low.jpg
7;18/04/2023;23/04/2023;879.13;Rio de Janero;Au centre ville;3;7;https://www.costacroisieres.fr/content/dam/costa/costa-magazine/article-images/what-to-see-in-rio-de-janeiro/rio-de-janeiro-panorama_YuJas-Shutterstock_2.jpg.image.694.390.low.jpg
8;19/04/2023;24/04/2023;156.46;Venise;Proche des restaurants;1;8;https://media.routard.com/image/81/3/venise-grand-canal.1479813.142.jpg
9;20/04/2023;25/04/2023;498.97;Basse-Terre;Proche de la mer;3;9;https://www.lesilesdeguadeloupe.com/tourisme/fr-fr/-/media/images/mrm/b2c/les-iles-v2/carrousel-basse-terre/port-trois-rivieres-guadeloupe-guillaume-aricique.ashx?h=1147&w=2500&la=fr-FR&hash=0F8AEA12CDA85CC714CE48A20B9B8574
10;21/04/2023;26/04/2023;344.26;Mexico;Au centre ville;2;10;https://www.mexique-voyages.com/wp-content/uploads/mexico-city-1280x800.jpeg
11;22/04/2023;27/04/2023;465.46;Casablanca;Pendant la coupe du monde;2;11;https://upload.wikimedia.org/wikipedia/commons/6/67/Casablanca_2023.jpg
12;23/04/2023;28/04/2023;999.88;Jerusalem;En communion avec la nature;10;12;https://media.istockphoto.com/id/477425959/fr/photo/open-tombeau-de-j%C3%A9sus-%C3%A0-j%C3%A9rusalem.jpg?s=612x612&w=0&k=20&c=dILNI-S88j1ZfZEIWewAl27QmovjhzbMeYRcAlwcbJM=
